{
  "project_info": {
    "project_number": "806047822612",
    "project_id": "universidad-martesweb2-21",
    "storage_bucket": "universidad-martesweb2-21.appspot.com"
  },
  "client": [
    {
      "client_info": {
        "mobilesdk_app_id": "1:806047822612:android:41457368e7305b35e34801",
        "android_client_info": {
          "package_name": "com.example.universidad_martes"
        }
      },
      "oauth_client": [
        {
          "client_id": "806047822612-4cn5bs75qno0qetpiaac127esabmkmiq.apps.googleusercontent.com",
          "client_type": 3
        }
      ],
      "api_key": [
        {
          "current_key": "AIzaSyBORbWWRj2XebFwl8Dvv7ZpCX7rvhqblM8"
        }
      ],
      "services": {
        "appinvite_service": {
          "other_platform_oauth_client": [
            {
              "client_id": "806047822612-4cn5bs75qno0qetpiaac127esabmkmiq.apps.googleusercontent.com",
              "client_type": 3
            }
          ]
        }
      }
    }
  ],
  "configuration_version": "1"
}